company,roleTitle,founderName,founderRole,email,website,location,isRemote,salaryRange,stage,description,category
Jar,Founding Mobile Engineer (Flutter),Misbah Ashraf,Co-founder & CPO/Tech,misbah@jar.app,https://jar.app,"Bengaluru, India / Remote",True,₹28L - ₹45L + ESOPs,Series B ($58M raised),Architecting automated micro-savings and gold investment flows in Flutter for 20M+ users with sub-second payment settlement.,Mobile
CRED,Staff / Lead Mobile Engineer (Flutter),CP Murali,Head of Engineering,murali@cred.club,https://cred.club,"Bengaluru, India / Remote",True,₹45L - ₹75L + Generous Equity,Series F ($800M raised),"Leading design-heavy, buttery-smooth 120FPS custom animations, canvas shaders, and native bridges across high-trust financial products.",Mobile
FamPay,Founding Mobile Engineer (Flutter),Kush Taneja,Co-founder & CTO,kush@fampay.in,https://fampay.in,"Bengaluru, India / Remote",True,₹24L - ₹40L + ESOPs,Series A ($42M raised),Building India's largest neo-banking app for teens with custom UPI SDK integration and social payment streams in Flutter.,Mobile
Slice,Lead Flutter Engineer (Mobile Infra),Archit Gupta,VP of Engineering,archit@sliceit.com,https://sliceit.com,"Bengaluru, India / Remote",True,₹35L - ₹55L + ESOPs,Series C (Unicorn),"Scaling banking core UI, credit assessment flows, and instant account opening with zero-jank Flutter mobile architecture.",Mobile
Khatabook,Founding / Senior Flutter Engineer,Vaibhav Kalpe,Head of Mobile Engineering,vaibhav@khatabook.com,https://khatabook.com,"Bengaluru, India / Remote",True,₹28L - ₹48L + ESOPs,Series C ($186M raised),Architecting local-first offline ledger synchronization in Flutter handling billions in monthly merchant transactions across low-tier Android devices.,Mobile
Jupiter Money,Staff Mobile Engineer (Flutter),Sandeep Ghoshal,Head of Mobile Engineering,sandeep@jupiter.money,https://jupiter.money,Mumbai / Bengaluru / Remote,True,₹40L - ₹65L + Equity,Series C ($160M raised),"Leading 1-click salary overdraft, mutual fund SIPs, and real-time biometric auth modules using modular Flutter packages.",Mobile
Fi Money,Founding Mobile Engineer (Flutter),Sumit Gwalani,Co-founder & Head of Product/Eng,sumit@fi.money,https://fi.money,"Bengaluru, India / Remote",True,₹35L - ₹50L + ESOPs,Series C ($140M raised),Designing wealth management and smart deposit accounts with automated goal-based savings engines in Flutter.,Mobile
Decentro,Founding Flutter SDK Architect,Pratik Daulatabadkar,Co-founder & CTO,pratik@decentro.tech,https://decentro.tech,"Bengaluru, India / Remote",True,₹26L - ₹42L + Equity,Series A ($16M raised),"Building drop-in Flutter SDKs for financial APIs, identity KYC, and embedded banking for thousands of developer clients.",Mobile
Mudrex,Founding Mobile Engineer (Flutter),Alankar Saxena,Co-founder & CTO,alankar@mudrex.com,https://mudrex.com,"Bengaluru, India / Remote",True,₹28L - ₹45L + ESOPs,"Series A (YC W19, $22M)","Architecting global multi-currency crypto asset baskets, real-time WebSocket ticker updates, and biometric custodial security in Flutter.",Mobile
Ultrahuman,Lead Mobile Engineer (Flutter),Vatsal Singhal,Co-founder & CTO,vatsal@ultrahuman.com,https://ultrahuman.com,"Bengaluru, India / Remote",True,₹32L - ₹55L + Equity,Series B ($45M raised),"Building the Ring AIR & M1 continuous glucose monitor companion app with BLE hardware streaming, dynamic sleep graphs, and metabolic health insights.",Mobile
Dukaan,Founding Mobile Lead (Flutter),Subhash Choudhary,Co-founder & CTO,subhash@mydukaan.io,https://mydukaan.io,"Bengaluru, India / Remote",True,₹30L - ₹50L + ESOPs,Series A ($17M raised),"Engineering e-commerce store creator, order tracking, and inventory management apps in Flutter serving millions of SMB merchants.",Mobile
Pocket FM,Staff Mobile Engineer (Audio & Flutter),Prateek Dixit,Co-founder & CTO,prateek@pocketfm.com,https://pocketfm.com,"Bengaluru, India / Remote",True,₹40L - ₹65L + Equity,Series D ($196M raised),"Scaling background audio streaming playback, personalized recommendation carousel, and offline audiobook downloads in Flutter for 100M+ users.",Mobile
AstroTalk,Founding Mobile Engineer (Flutter),Anmol Jain,Head of Engineering / Tech Lead,anmol@astrotalk.com,https://astrotalk.com,"Noida, India / Remote",True,₹30L - ₹55L + ESOPs,"Series A ($20M raised, High Profit)","Architecting low-latency live 1-on-1 video/audio calling, queue dispatch, and micro-transaction digital wallets in Flutter.",Mobile
Kuku FM,Lead Flutter Engineer,Vikas Goyal,Co-founder & CTO,vikas@kukufm.com,https://kukufm.com,"Mumbai, India / Remote",True,₹28L - ₹48L + ESOPs,Series C ($72M raised),"Building vernacular audio OTT experience with localized state architecture, dynamic playlists, and lockscreen playback widgets.",Mobile
Pratilipi,Senior / Lead Flutter Developer,Prashant Gupta,Co-founder & Head of Engineering,prashant@pratilipi.com,https://pratilipi.com,"Bengaluru, India / Remote",True,₹26L - ₹42L + ESOPs,Series D ($78M raised),"Scaling India's premier digital storytelling platform with e-reader typography rendering, comics viewer, and audio stories in Flutter.",Mobile
Plum,Founding Mobile Engineer (Flutter),Saurabh Arora,Co-founder & CTO,saurabh@plumhq.com,https://plumhq.com,"Bengaluru, India / Remote",True,₹28L - ₹46L + Equity,"Series A (Tiger Global, $20M)",Building modern group health insurance and corporate wellness app with cashless claims processing and telemedicine in Flutter.,Mobile
InVideo,Lead Mobile Architect (Flutter),Prateek Sharma,Head of Mobile,prateek@invideo.io,https://invideo.io,"Mumbai, India / Remote",True,₹38L - ₹60L + ESOPs,Series A ($52M raised),"Architecting AI mobile video generation canvas, video timeline scrubbing, and GPU-accelerated video rendering in Flutter.",Mobile
SuperOps.ai,Founding Mobile Engineer (Flutter),Jayakumar Karumbasalam,Co-founder & CTO,jay@superops.ai,https://superops.ai,"Chennai, India / Remote",True,₹25L - ₹42L + Equity,Series B ($26M raised),Building enterprise PSA and RMM IT-management companion apps with real-time remote asset alerts and ticket dispatch in Flutter.,Mobile
Kutumb,Founding Mobile Engineer (Flutter),Naveen Dewangan,Co-founder & CTO,naveen@kutumb.app,https://kutumb.app,"Bengaluru, India / Remote",True,₹28L - ₹45L + ESOPs,"Series A (Sequoia, $26M)","Engineering community and social network for Bharat with rich feeds, audio discussions, and regional member directories in Flutter.",Mobile
Loco,Lead Mobile Gaming Stream Engineer (Flutter),Firasat Ali,VP of Engineering,firasat@loco.gg,https://loco.gg,"Bengaluru, India / Remote",True,₹30L - ₹50L + ESOPs,Series A ($42M raised),"Building low-latency esports live streaming, interactive chat overlays, and virtual gifting systems in Flutter.",Mobile
WinZO,Staff Flutter Engineer,Chanchal Kurele,VP of Engineering,chanchal@winzogames.com,https://winzogames.com,"Delhi, India / Remote",True,₹35L - ₹60L + ESOPs,Series C ($100M raised),"Scaling India's premier social gaming app with multi-game micro-containers, instant multiplayer matchmaking, and fraud detection in Flutter.",Mobile
Apna,Founding Mobile Engineer (Flutter),Manas Singh,Head of Engineering,manas@apna.co,https://apna.co,"Bengaluru, India / Remote",True,₹32L - ₹55L + ESOPs,Series C (Unicorn),"Scaling jobs and professional community app for rising workforce with localized onboarding, card swiping, and automated resume building in Flutter.",Mobile
Porter,Lead Flutter Engineer (Driver Experience),Vikas Choudhary,Co-founder & CTO,vikas@porter.in,https://porter.in,"Bengaluru, India / Remote",True,₹30L - ₹48L + ESOPs,Series E (Unicorn),"Architecting driver companion app with continuous background GPS tracking, battery optimization, order matching, and offline receipts in Flutter.",Mobile
Cashfree Payments,Founding Mobile SDK Architect (Flutter),Reeju Datta,Co-founder & VP Engineering,reeju@cashfree.com,https://cashfree.com,"Bengaluru, India / Remote",True,₹30L - ₹52L + ESOPs,Series B ($42M raised),"Building drop-in checkout SDKs, seamless bank redirects, and intent-based UPI payments for thousands of apps in Flutter.",Mobile
Groww,Lead Mobile Engineer (Flutter),Neeraj Singh,Co-founder & CTO,neeraj@groww.in,https://groww.in,"Bengaluru, India / Remote",True,₹40L - ₹65L + Equity,Series E ($390M raised),"Scaling India's largest retail stock brokerage and mutual funds investment UI with real-time trading charts, option chains, and orders in Flutter.",Mobile
INDmoney,Founding / Lead Mobile Engineer (Flutter),Amit Bhatnagar,Chief Technology Officer,amit@indmoney.com,https://indmoney.com,"Gurgaon, India / Remote",True,₹35L - ₹60L + ESOPs,Series D ($140M raised),"Building SuperMoney app tracking global stocks, US shares, fixed deposits, and credit scores with automated portfolio rebalancing in Flutter.",Mobile
Smallcase,Founding Mobile Engineer (Flutter),Rohan Gupta,Co-founder & CTO,rohan@smallcase.com,https://smallcase.com,"Bengaluru, India / Remote",True,₹28L - ₹45L + ESOPs,Series C ($62M raised),"Building thematic investment discovery, broker gateway popups, and index tracking widgets in Flutter.",Mobile
CoinDCX,Senior / Lead Mobile Engineer (Flutter),Neeraj Khandelwal,Co-founder & CTO,neeraj@coindcx.com,https://coindcx.com,"Mumbai, India / Remote",True,₹32L - ₹52L + ESOPs,Series D (Unicorn),"Engineering high-frequency crypto trading orderbook, margin trading screens, and custodial wallet key management in Flutter.",Mobile
OneCard,Staff Mobile Engineer (Flutter),Rupesh Kumar,Co-founder & CTO,rupesh@getonecard.com,https://getonecard.com,"Pune, India / Remote",True,₹38L - ₹60L + ESOPs,Series D (Unicorn),"Architecting instant metallic credit card activation, spend analytics graphs, reward coin physics animations, and biometric payments in Flutter.",Mobile
Toddle,Founding Mobile Engineer (Flutter),Gautam Arora,Co-founder & CTO,gautam@toddleapp.com,https://toddleapp.com,"Bengaluru, India / Remote",True,₹25L - ₹42L + ESOPs,Series A ($17M raised),"Building teaching and learning platform for IB World Schools with digital student portfolios, gradebooks, and collaborative canvases in Flutter.",Mobile
Yellow.ai,Lead Mobile SDK Engineer (Flutter),Rashid Khan,Co-founder & Chief Product/Tech Officer,rashid@yellow.ai,https://yellow.ai,"Bengaluru, India / Remote",True,₹30L - ₹50L + ESOPs,Series C ($102M raised),"Building conversational enterprise AI agent chat SDKs with voice messaging, rich media cards, and webhook streaming in Flutter.",Mobile
Exotel,Senior / Lead Flutter Engineer,Ishwar Sridharan,Co-founder & Head of Tech,ishwar@exotel.com,https://exotel.com,"Bengaluru, India / Remote",True,₹28L - ₹46L + Equity,Series D ($100M raised),"Engineering full-stack customer engagement mobile client with VoIP calling, omni-channel messaging, and CRM sync in Flutter.",Mobile
BrowserStack,Staff Mobile Engineer (Flutter Infra),Nakul Aggarwal,Co-founder & CTO,nakul@browserstack.com,https://browserstack.com,"Mumbai, India / Remote",True,₹45L - ₹75L + Generous Equity,Bootstrapped / Profitable ($4B+ val),"Building automated mobile testing SDKs, test recorder harnesses, and device cloud streaming diagnostics for Flutter apps.",Mobile
Postman,Senior Mobile Engineer (Flutter),Ankit Sobti,Co-founder & CTO,ankit@postman.com,https://postman.com,"Bengaluru, India / Remote",True,₹42L - ₹70L + Equity,Series D ($433M raised),"Architecting Postman's mobile companion experience for API testing, workspace collaboration, and collection execution in Flutter.",Mobile
Hasura,Mobile / Flutter Developer Advocate & Engineer,Rajoshi Ghosh,Co-founder & Head of Eng,rajoshi@hasura.io,https://hasura.io,"Bengaluru, India / Remote",True,₹35L - ₹55L + Equity,Series C (Unicorn),"Developing real-time GraphQL mobile client integrations, offline subscriptions, and reference applications in Flutter.",Mobile
SigNoz,Founding Mobile Observability Engineer,Ankit Nayan,Co-founder & CTO,ankit@signoz.io,https://signoz.io,Remote Worldwide (India friendly),True,$80k - $140k + Equity,Series A (YC W21),Building open-source OpenTelemetry tracing and crash reporting SDKs for Flutter applications with automated network request instrumentation.,Mobile
Appsmith,Founding Mobile Engineer,Arpit Mohan,Co-founder & CTO,arpit@appsmith.com,https://appsmith.com,"Bengaluru, India / Remote",True,₹32L - ₹50L + Equity,Series B ($51M raised),Building mobile runtime for open-source internal tool builders with responsive layout canvas rendering in Flutter.,Mobile
Chatwoot,Founding Mobile Engineer (Flutter),Pranav Raj,Co-founder & CTO,pranav@chatwoot.com,https://chatwoot.com,Remote Worldwide (India friendly),True,$60k - $110k + Equity,"Seed (Open Source, YC W21)","Leading open-source live-chat agent mobile app for iOS and Android with push notifications, offline cache, and real-time ActionCable websockets in Flutter.",Mobile
DhiWise,Founding Flutter Core Architect,Rahul Shingala,Co-founder & CTO,rahul@dhiwise.com,https://dhiwise.com,Surat / Bengaluru / Remote,True,₹28L - ₹46L + Equity,Series A ($9M raised),"Architecting Figma-to-Flutter automated code generation compiler, AST parser, and design token mapping engines.",Mobile
Dyte,Founding Flutter Video SDK Engineer,Jitin Pillai,Co-founder & CTO,jitin@dyte.io,https://dyte.io,"Bengaluru, India / Remote",True,₹26L - ₹44L + Equity,"Seed (YC W21, $5M)","Building real-time video/voice SDK widgets for Flutter with native WebRTC bindings, custom layout grids, and bandwidth adaptation.",Mobile
100ms,Lead Mobile SDK Engineer (Flutter),Sarvesh Dwivedi,Co-founder & VP Engineering,sarvesh@100ms.live,https://100ms.live,"Bengaluru, India / Remote",True,₹32L - ₹52L + ESOPs,"Series A (Accel, $25M)",Designing developer-first live streaming and interactive video conferencing Flutter SDKs with sub-100ms latency.,Mobile
Devfolio,Founding Mobile Engineer (Flutter),Denver Dsouza,Co-founder & Head of Eng,denver@devfolio.co,https://devfolio.co,"Bengaluru, India / Remote",True,₹22L - ₹36L + Equity,Seed (High Community Impact),"Building India's largest hackathon community mobile app with real-time project submissions, QR check-ins, and mentorship pairing in Flutter.",Mobile
Stimuler,Founding Mobile Engineer (Flutter),Anuj Mittal,Co-founder & CTO,anuj@stimuler.co,https://stimuler.com,"Bengaluru, India / Remote",True,₹24L - ₹42L + ESOPs,Seed (AI Consumer),"Architecting global AI English speech coach with real-time waveform audio recording, pitch detection, and instant evaluation cards in Flutter.",Mobile
Taru.money,Founding Mobile Engineer (Flutter),Tarun Gupta,Founder & Lead Architect,tarun@taru.money,https://taru.money,Remote (India),True,₹25L - ₹40L + Generous Equity,Early Stage / Seed,"Leading cross-platform personal finance, smart expense categorization, and net worth tracker in Flutter with zero data tracking.",Mobile
Lysto,Lead Flutter Engineer (Web3 & Mobile),Sadhish Balasubramanian,Founder & CTO,sadhish@lysto.io,https://lysto.io,"Bengaluru, India / Remote",True,₹28L - ₹46L + Equity,Series A ($12M raised),Building gamer reputation passport mobile app with verifiable credential badges and low-friction game logins in Flutter.,Mobile
Fashinza,Senior / Lead Mobile Engineer,Jamil Ahmad,Co-founder & Head of Tech,jamil@fashinza.com,https://fashinza.com,"Gurgaon, India / Remote",True,₹26L - ₹42L + ESOPs,Series B ($135M raised),"Building global B2B apparel supply chain mobile app for apparel manufacturing floor tracking, live production CCTV, and sample approvals in Flutter.",Mobile
Shiprocket,Staff Mobile Engineer (Flutter),Vishesh Khurana,Co-founder & Tech Initiatives,vishesh@shiprocket.com,https://shiprocket.com,"Delhi, India / Remote",True,₹32L - ₹52L + ESOPs,Series E (Unicorn),"Scaling logistics companion app managing millions of daily e-commerce package dispatches, barcode scanning, and multi-courier tracking in Flutter.",Mobile
Classplus,Lead Mobile Architect (Flutter),Bhaswat Agarwal,Co-founder & COO/Tech,bhaswat@classplus.co,https://classplus.co,"Noida, India / Remote",True,₹35L - ₹55L + ESOPs,Series D ($160M raised),"Leading white-label educator app generator, encrypted DRM video player, and real-time live test engines in Flutter for 100k+ educators.",Mobile
Zetwerk,Founding Mobile Engineer (Flutter),Srinath Ramakkrushnan,Co-founder & Head of Tech,srinath@zetwerk.com,https://zetwerk.com,"Bengaluru, India / Remote",True,₹30L - ₹50L + ESOPs,Series F (Unicorn),"Building custom manufacturing inspection app with offline project milestones, CAD blueprint viewer, and QC checklists in Flutter.",Mobile
Urban Company,Lead Mobile Engineer (Partner Flutter App),Raghav Chandra,Co-founder & CTO,raghav@urbancompany.com,https://urbancompany.com,"Gurgaon, India / Remote",True,₹36L - ₹58L + ESOPs,Series F (Unicorn),"Scaling service professional partner mobile app with offline order acceptance, training modules, and real-time earnings payout in Flutter.",Mobile
Shorebird,Founding Engineer (Flutter Code Push & Tools),Eric Seidel,Founder & Creator of Flutter,eric@shorebird.dev,https://shorebird.dev,Remote Worldwide,True,$160k - $220k + Generous Equity,Seed (Founded by Flutter's original founder),"Building over-the-air Code Push infrastructure, custom Dart VM patching, and developer runtime tooling for Flutter applications worldwide.",Mobile
Reflectly,Founding Mobile Engineer (Flutter),Daniel Vestergaard,Co-founder & CTO,daniel@reflectly.app,https://reflectly.app,Remote Worldwide,True,$120k - $180k + Equity,Profitable / High Growth,"Building world-renowned AI journaling app with custom motion graphics, haptic feedback, and local on-device sentiment analytics in Flutter.",Mobile
Superlist,Senior / Lead Mobile Engineer (Flutter),Steffen Kiedel,CTO & Head of Engineering,steffen@superlist.com,https://superlist.com,Remote Worldwide,True,$130k - $190k + Equity,Series A (Superlist),"Engineering modern team productivity app with collaborative real-time CRDT text editing, native widgets, and keyboard shortcuts in Flutter.",Mobile
LineLeap,Founding Mobile Engineer (Flutter),Nick Verwymeren,Co-founder & CTO,nick@lineleap.com,https://lineleap.com,Remote Worldwide,True,$120k - $170k + Equity,Series A (YC W20),"Architecting real-time venue ticketing, mobile VIP line skips, and high-frequency in-app bar purchasing with Apple Pay in Flutter.",Mobile
SpruceID,Founding Mobile Engineer (Digital Identity),Wayne Chang,Founder & Lead Architect,wayne@spruceid.com,https://spruceid.com,Remote Worldwide,True,$140k - $200k + Equity,"Series A (YC S21, $34M)","Building cryptographic digital identity wallets, verifiable credentials, and decentralized storage key management in Flutter.",Mobile
GR8_TECH,Founding Mobile Architect (Flutter),Artur Ashyrov,Chief Technology Officer,artur.ashyrov@gr8.tech,https://gr8.tech,Remote Worldwide,True,$110k - $160k,High Growth B2B Platform,"Designing high-load mobile platforms with sub-50ms live odds updates, micro-frontends, and native method channels in Flutter.",Mobile
Very Good Ventures,Lead Flutter Solutions Architect,David DeRemer,Managing Director & Tech Lead,david@verygood.ventures,https://verygood.ventures,Remote Worldwide,True,$130k - $180k + Benefits,Premier Flutter Consultancy,"Architecting enterprise Flutter applications with Very Good CLI, automated test coverage, and modular Clean Architecture.",Mobile
LeanCode,Senior / Lead Flutter Engineer,Mateusz Wojtczak,Head of Mobile,mateusz@leancode.co,https://leancode.co,Remote Worldwide,True,$90k - $140k,High Growth Mobile Studio,Creators of Patrol (end-to-end testing framework for Flutter). Building complex enterprise consumer banking apps in Flutter.,Mobile
Somnio Software,Founding Mobile Architect (Flutter),Matias Duarte,CTO & Mobile Lead,matias@somniosoftware.com,https://somniosoftware.com,Remote Worldwide,True,$85k - $130k,Fast-Growing Flutter Consultancy,Building high-performance cross-platform Flutter applications for high-growth tech startups in North America and Europe.,Mobile
Codemagic,Founding Mobile CI/CD Engineer (Flutter),Priit Latt,Head of Engineering,priit@codemagic.io,https://codemagic.io,Remote Worldwide,True,$110k - $160k + Equity,Series A ($5M raised),"Engineering dedicated CI/CD pipelines, automated App Store code signing, and remote test runner harnesses for Flutter teams worldwide.",DevOps & Infra
Invertase,Lead Mobile / Flutter Tools Engineer,Mike Diarmid,Founder & FlutterFire Maintainer,mike@invertase.io,https://invertase.io,Remote Worldwide,True,$130k - $185k + Equity,Creators of FlutterFire & Melos,"Maintaining the world's most adopted Flutter libraries: FlutterFire, Melos monorepo tool, and Globe deployment runtime.",Mobile
Resend,Founding Mobile Engineer,Bu Kinoshita,Co-founder & Head of Product/Eng,bu@resend.com,https://resend.com,Remote Worldwide,True,$160k - $210k + Equity,Series A (YC W23),Building official mobile management and monitoring client for Resend developer infrastructure with push alerts and API keys in Flutter.,Mobile
Supabase,Mobile SDK & App Engineer (Flutter),Ant Wilson,Co-founder & CTO,ant@supabase.com,https://supabase.com,Remote Worldwide,True,$160k - $220k + Equity,Series C (YC S20),"Developing Supabase Flutter SDK (Auth, Realtime, Database, Storage) and official mobile management applications in Flutter.",Mobile
RevenueCat,Staff Mobile Engineer (Flutter In-App Purchases),Miguel Carranza,Co-founder & CTO,miguel@revenuecat.com,https://revenuecat.com,Remote Worldwide,True,$160k - $215k + Equity,Series C (YC S18),"Maintaining official RevenueCat Flutter purchases SDK, paywall components, and subscription analytics for thousands of mobile developers.",Mobile
Stream,Lead Flutter Chat & Video SDK Engineer,Tommaso Barbugli,Co-founder & CTO,tommaso@getstream.io,https://getstream.io,Remote Worldwide,True,$140k - $190k + Equity,Series B ($58M raised),Building open-source Flutter Chat & Audio/Video calling SDK with offline-first synchronization and customizable theme components.,Mobile
Appwrite,Lead Mobile Ecosystem Engineer (Flutter),Eldad Fux,Founder & Lead Architect,eldad@appwrite.io,https://appwrite.io,Remote Worldwide,True,$130k - $180k + Equity,Series A ($37M raised),"Building client SDKs, real-time sync listeners, and official mobile starter templates for open-source backend Appwrite in Flutter.",Mobile
Cal.com,Founding Mobile Engineer (Flutter),Alex van Andel,Head of Engineering,alex@cal.com,https://cal.com,Remote Worldwide,True,$120k - $180k + Equity,Series A (Open Source),"Building Cal.com's official mobile scheduling app with local calendar event sync, timezone matrix, and instant booking push notifications in Flutter.",Mobile
Dub.co,Founding Mobile Engineer (Flutter),Steven Tey,Founder & Solo Builder,steven@dub.co,https://dub.co,Remote Worldwide,True,$140k - $190k + Equity,Seed ($3M raised),"Building mobile analytics and short link management companion with custom interactive charts, QR generation, and geolocation maps in Flutter.",Mobile
Trigger.dev,Founding Mobile Engineer (Flutter),Matt Aitken,Founder & CTO,matt@trigger.dev,https://trigger.dev,Remote Worldwide,True,$130k - $180k + Equity,Seed (YC W23),"Engineering background job monitoring app with live task log streaming, retry actions, and critical failure push alerts in Flutter.",Mobile
Railway,Founding Mobile Client Engineer,Angelo Saraceno,Head of Engineering,angelo@railway.app,https://railway.app,Remote Worldwide,True,$150k - $210k + Equity,Series A ($20M raised),"Building mobile console for cloud infrastructure deployments, container logs, and environment variable secrets editing in Flutter.",Mobile
PostHog,Mobile SDK Architect (Flutter),Tim Glaser,Co-founder & CTO,tim@posthog.com,https://posthog.com,Remote Worldwide,True,$140k - $200k + Equity,Series B (YC W20),Building official PostHog Flutter analytics & session recording SDK with automated view hierarchy capture and privacy masking.,Mobile
Raycast,Founding Mobile Companion Engineer,Petr Nikolaev,Co-founder & CTO,petr@raycast.com,https://raycast.com,Remote Worldwide,True,$140k - $190k + Equity,"Series A (Accel, YC W20)","Engineering mobile quick-notes, AI prompt companion, and clipboard sync across devices with ultra-low latency in Flutter.",Mobile
Linear,Mobile Client Engineer (Flutter),Tuomas Artman,Co-founder & CTO,artman@linear.app,https://linear.app,Remote Worldwide,True,$170k - $230k + Generous Equity,Series B (Sequoia),"Architecting local-first offline synchronized issue tracker with gestures, tactile feedback, and instant state replication in Flutter.",Mobile
Amity,Lead Mobile SDK Architect (Flutter),David Jou,Head of Mobile & Platform,david@amity.co,https://amity.co,Remote Worldwide,True,$100k - $150k,Series B ($60M raised),"Building drop-in social community, feeds, stories, and live video streaming UI modules for Flutter developer teams.",Mobile
Nubank,Principal / Staff Mobile Engineer (Flutter),Edward Wible,Co-founder & Chief Architectural Officer,edward.wible@nubank.com.br,https://nubank.com.br,Remote Worldwide,True,$160k - $240k + Equity,Public ($50B+ Market Cap),"Leading global mobile architecture across the largest Flutter deployment on Earth, serving 100M+ active banking customers.",Mobile
Betterment,Senior / Lead Flutter Engineer,Mobile Engineering Lead,Head of Mobile Engineering,mobile-careers@betterment.com,https://betterment.com,Remote (US / Worldwide),True,$150k - $200k + Benefits,Series F ($435M raised),"Scaling robo-advisor investing, automated tax-loss harvesting dashboards, and retirement projections in Flutter.",Mobile
Trust Wallet,Lead Mobile Architect (Flutter),Mobile Lead Architect,Lead Mobile Architect,dev-hiring@trustwallet.com,https://trustwallet.com,Remote Worldwide,True,$140k - $200k + Token Equity,High Profit / 140M+ Users,"Building non-custodial multi-chain crypto wallet with hardware key secure enclaves, decentralized swap DEXs, and dApp browsers in Flutter.",Mobile
Uniswap Labs,Founding Mobile Engineer (Flutter),Noah Zinsmeister,Head of Engineering,noah@uniswap.org,https://uniswap.org,Remote Worldwide,True,$170k - $240k + Generous Equity,Series B ($175M raised),"Architecting native DeFi wallet with token swaps, gas estimations, and biometric security in cross-platform Flutter.",Mobile
Ledger,Lead Mobile App Architect (Flutter),Charles Guillemet,Chief Technology Officer,charles.guillemet@ledger.com,https://ledger.com,Remote Worldwide,True,$130k - $185k + Equity,Series C ($380M raised),Building Ledger Live mobile companion app pairing with Bluetooth hardware dongles for cryptographically secure transaction signing in Flutter.,Mobile
Trezor / SatoshiLabs,Senior / Lead Flutter Developer,Pavol Rusnak,Co-founder & Chief Tech Lead,stick@satoshilabs.com,https://trezor.io,Remote Worldwide,True,$110k - $160k,Bootstrapped & Highly Profitable,"Leading Trezor Suite mobile app with open-source coin management, coinjoin privacy mixing, and USB/NFC hardware sync in Flutter.",Mobile
Bitso,Staff Mobile Engineer (Flutter),Ben Peters,Co-founder & CPO/CTO,ben@bitso.com,https://bitso.com,Remote Worldwide,True,$130k - $180k + Equity,Series C (Unicorn),Building cross-border remittances and instant payment rails across Latin America using modular Flutter architecture.,Mobile
Kraken,Senior Mobile Engineer (Flutter / Client),Vishnu Patankar,Chief Technology Officer,tech-hiring@kraken.com,https://kraken.com,Remote Worldwide,True,$150k - $210k + Equity,High Growth ($10B+ val),"Scaling Kraken Pro trading terminal with real-time Depth of Market charts, low-latency WebSocket order execution, and multi-factor auth in Flutter.",Mobile
Wise,Lead Mobile Platform Engineer (Flutter),Harsh Sinha,Chief Technology Officer,harsh.sinha@wise.com,https://wise.com,Remote Worldwide,True,$140k - $190k + Equity,Public (LSE),Scaling multi-currency bank account and cross-border money transfer UI components across 170+ countries in Flutter.,Mobile
Revolut,Staff Mobile Engineer (Flutter),Vlad Yatsenko,Co-founder & CTO,vlad@revolut.com,https://revolut.com,Remote Worldwide,True,$150k - $220k + Equity,Series E ($45B val),"Building ultra-responsive wealth, stocks, and crypto trading micro-apps with buttery smooth gestures in Flutter.",Mobile
Monzo,Senior Mobile Engineer (Flutter),Matej Pfajfar,Chief Technology Officer,matej@monzo.com,https://monzo.com,Remote Worldwide,True,$140k - $195k + Equity,Series I ($5B+ val),"Architecting customer overdrafts, joint pots, and automated savings challenges in Flutter for 9M+ UK banking customers.",Mobile
Trade Republic,Staff Mobile Engineer (Flutter),Marco Cancellieri,Co-founder & Head of Engineering,marco@traderepublic.com,https://traderepublic.com,Remote Worldwide,True,$140k - $200k + Equity,Series C (Unicorn),Engineering European commission-free retail broker mobile app with 4% cash interest tracking and real-time stock execution in Flutter.,Mobile
Bitpanda,Lead Mobile Architect (Flutter),Christian Trummer,Co-founder & CTO,christian.trummer@bitpanda.com,https://bitpanda.com,Remote Worldwide,True,$125k - $175k + Equity,Series C (Unicorn),Scaling multi-asset investing platform for European users with biometric onboarding and automated savings plans in Flutter.,Mobile
TradeWindow,Lead Mobile Engineer (Flutter),Sven Martin,Chief Technology Officer,sven@tradewindow.io,https://tradewindow.io,Remote Worldwide,True,$110k - $160k,Public / High Growth,Building global freight logistics and export documentation tracking app with offline signature capture and barcode scanner in Flutter.,Mobile
Carousell,Staff Mobile Engineer (Flutter),Lucas Ngoo,Co-founder & CTO,lucas@carousell.com,https://carousell.com,Remote Worldwide,True,$110k - $165k + Equity,Series C (Unicorn),Scaling Southeast Asia's leading classifieds marketplace app with image recognition listing tools and real-time buyer-seller chat in Flutter.,Mobile
Grab,Lead Mobile Engineer (Merchant Flutter App),Suthen Thomas,Group Chief Technology Officer,suthen.thomas@grab.com,https://grab.com,Remote Worldwide,True,$130k - $190k + Equity,Public (NASDAQ),"Building GrabMerchant companion app handling real-time order acceptance, menu management, and instant daily settlement in Flutter across 8 countries.",Mobile
Toss / Viva Republica,Lead Mobile Architect (Flutter),Mobile Architecture Lead,Head of Mobile Platform,tech-recruiting@toss.im,https://toss.im,Remote Worldwide,True,$140k - $210k + Equity,Series G ($9B val),"Architecting Korea's premier financial super-app with peer-to-peer transfers, credit scoring, and micro-investments with 60FPS animations in Flutter.",Mobile
Gojek,Staff Mobile Engineer (Flutter),Severin Balanque,Head of Mobile Platform,severin@gojek.com,https://gojek.com,Remote Worldwide,True,$130k - $185k + Equity,Public (GoTo),Building on-demand delivery driver and merchant partner micro-modules with battery-efficient location tracking in Flutter.,Mobile
Miro,Mobile Canvas Engineer (Flutter),Oleg Shardin,Co-founder & VP Engineering,oleg@miro.com,https://miro.com,Remote Worldwide,True,$150k - $215k + Equity,Series C ($17B val),Engineering collaborative infinite canvas mobile experience with Apple Pencil / stylus palm rejection and real-time CRDT updates in Flutter.,Mobile
Notion,Mobile Engineer (Native & Flutter Bridge),Simon Last,Co-founder & Head of Architecture,simon@makenotion.com,https://notion.so,Remote Worldwide,True,$170k - $240k + Generous Equity,Series C ($10B val),"Accelerating mobile block editor boot time, offline database caching, and quick-capture widgets across iOS and Android.",Mobile
Figma,Mobile Client Engineer (Flutter / Canvas),Kris Rasmussen,Chief Technology Officer,kris@figma.com,https://figma.com,Remote Worldwide,True,$180k - $250k + Equity,Series E ($12B+ val),"Building Figma mobile companion app with live prototype mirroring, design inspection, and comment threads in Flutter.",Mobile
Vercel,Mobile Engineer (Flutter & React Native Tools),Malte Ubl,Chief Technology Officer,malte@vercel.com,https://vercel.com,Remote Worldwide,True,$170k - $230k + Equity,Series E ($3.25B val),"Building mobile developer dashboard for deployment rollbacks, real-time edge logs, and performance metrics in Flutter.",Mobile
PostHog Mobile,Founding Mobile Engineer,Tim Glaser,Co-founder & CTO,tim@posthog.com,https://posthog.com,Remote Worldwide,True,$140k - $200k + Equity,Series B (YC W20),Architecting native Flutter SDK recording canvas elements and widget trees for session analytics.,Mobile
Wolt,Staff Mobile Engineer (Merchant Flutter Client),Niilo Säämänen,Chief Technology Officer,niilo@wolt.com,https://wolt.com,Remote Worldwide,True,$130k - $185k,Acquired by DoorDash ($8B),"Engineering merchant tablet app with zero-audio-loss alarm dispatch, menu stock management, and thermal printer integration in Flutter.",Mobile
Hamilton Musical,Lead Mobile Flutter Developer,Technical Lead,Technical Director (Mobile),tech@michaelcassel.com,https://hamiltonmusical.com,Remote Worldwide,True,$110k - $160k,Global Enterprise Entertainment,"Maintaining the official award-winning Hamilton Flutter app with daily lottery tickets, karaoke sing-alongs, and augmented reality camera filters.",Mobile
BMW Group,Lead Flutter Architect (My BMW App),Mobile Architecture Director,Head of Mobile Architecture,connecteddrive@bmw.com,https://www.bmw.com,Remote Worldwide (EU/Global),True,$140k - $190k + Benefits,Global Automotive Group,"Scaling 100% Flutter mobile architecture for My BMW and MINI apps controlling 5M+ connected vehicles with remote climate start, digital key, and route navigation.",Mobile
Philips Hue / Signify,Staff Mobile Engineer (Flutter & IoT),Engineering Director,Director of Mobile Innovation,hue-engineering@signify.com,https://www.philips-hue.com,Remote Worldwide,True,$135k - $185k,Global Smart Home,"Architecting smart lighting control scenes, Matter protocol mesh synchronization, and low-latency Zigbee bridge pairing in Flutter.",Mobile
Kashat,Founding Mobile Engineer (Flutter),Karim Nour,Co-founder & CTO,karim@kashat.com,https://kashat.com,Remote Worldwide,True,$90k - $140k + Equity,Series A ($5M raised),Building micro-finance nano-lending app for unbanked demographics with on-device risk assessment algorithms in Flutter.,Mobile
Chipper Cash,Lead Mobile Engineer (Flutter),Maijid Moujaled,Co-founder & CTO,maijid@chippercash.com,https://chippercash.com,Remote Worldwide,True,$140k - $195k + Equity,Series C (Decacorn Backed),"Scaling cross-border payments, US stock investing, and crypto cashouts in Flutter across 7 countries for 5M+ users.",Mobile
Kuda Bank,Staff Mobile Engineer (Flutter),Musty Mustapha,Co-founder & CTO,musty@kudabank.com,https://kuda.com,Remote Worldwide,True,$120k - $170k + Equity,Series B ($90M raised),"Building digital bank of the free with zero-fee transfers, virtual debit cards, and biometric authentication in Flutter.",Mobile
Karat,Founding Mobile Engineer (Flutter),Will Kim,Co-founder & CTO,will@trykarat.com,https://trykarat.com,Remote Worldwide,True,$130k - $180k + Generous Equity,"Series B (Will Smith, $70M)",Building financial banking card and tax management suite for YouTube/TikTok digital creators in Flutter.,Mobile
Braintrust,Lead Mobile Engineer (Flutter),Brian Vallelunga,Head of Engineering,brian@usebraintrust.com,https://usebraintrust.com,Remote Worldwide,True,$130k - $180k + Token Grants,Series B ($100M+ val),"Building decentralized tech talent network mobile app with job matching feed, escrow payments, and community governance in Flutter.",Mobile
Aura Health,Founding Mobile Engineer (Flutter),Daniel Lee,Co-founder & CTO,daniel@aurahealth.io,https://aurahealth.io,Remote Worldwide,True,$120k - $170k + Equity,Series A ($10M raised),"Building mental wellness marketplace app with personalized meditation audio, sleep stories, and coaching streams in Flutter.",Mobile
Giveth,Founding Mobile Engineer (Flutter),Griff Green,Founder & Lead Architect,griff@giveth.io,https://giveth.io,Remote Worldwide,True,$90k - $140k + Crypto Grant,Public Good / DAO,Building zero-fee charitable crypto donation app with quadratic funding calculators and donor reward tokens in Flutter.,Mobile
Gitcoin,Founding Mobile Engineer (Flutter),Scott Moore,Co-founder & Head of Tech,scott@gitcoin.co,https://gitcoin.co,Remote Worldwide,True,$120k - $170k + Tokens,Decentralized Grant Network,Building Gitcoin Passport mobile credential verification and decentralized public goods grants discovery in Flutter.,Mobile
Status.im,Core Flutter Mobile Architect,Jarrad Hope,Co-founder & Tech Lead,jarrad@status.im,https://status.im,Remote Worldwide,True,$130k - $190k,Private / Open Source ($100M+ Fund),"Building decentralized private messaging, self-custodial wallet, and Web3 browser app with p2p Nim protocol backend in Flutter.",Mobile
Lens Protocol,Founding Mobile Engineer (Flutter),Peteris Erins,Head of Engineering,peteris@lens.xyz,https://lens.xyz,Remote Worldwide,True,$150k - $210k + Equity,Series A ($15M raised),"Building social decentralized social graph mobile client with gasless publications, collectible posts, and profile NFTs in Flutter.",Mobile
Farcaster Mobile (Warpcast),Senior / Lead Mobile Engineer,Varun Srinivasan,Co-founder & CTO,varun@warpcast.com,https://warpcast.com,Remote Worldwide,True,$180k - $250k + Generous Equity,"Series A (Paradigm, $150M raised)","Architecting high-speed decentralized feed rendering, mini-app frames, and instant notifications in cross-platform mobile.",Mobile
Pond,Founding Mobile Engineer (Flutter),Bill Sun,Founder & Lead Architect,bill@cryptopond.xyz,https://cryptopond.xyz,Remote Worldwide,True,$130k - $180k + Equity,"Seed (Archetype, $7.5M)",Building decentralized AI model prediction marketplace mobile client with on-chain cryptographic proofs in Flutter.,Mobile
Nansen,Lead Mobile Portfolio Engineer (Flutter),Lars Krogvig,Co-founder & CTO,lars@nansen.ai,https://nansen.ai,Remote Worldwide,True,$140k - $190k + Equity,Series B ($88M raised),Building real-time on-chain blockchain analytics mobile dashboard with smart money alert push notifications in Flutter.,Mobile
Arkham Intelligence,Founding Mobile Engineer (Flutter),Henry Fisher,Chief Technology Officer,henry@arkhamintelligence.com,https://arkhamintelligence.com,Remote Worldwide,True,$140k - $200k + Equity,Series A ($12M raised),"Designing intelligence visualizer on mobile with entity flow charts, transaction tracers, and bounty alert notifications in Flutter.",Mobile
Zapper,Lead Mobile Architect (Flutter),Suhail Gangji,Co-founder & CTO,suhail@zapper.xyz,https://zapper.xyz,Remote Worldwide,True,$130k - $185k + Equity,Series A ($15M raised),Building asset tracking and on-chain social feed for 2M+ users with multi-wallet aggregated portfolio metrics in Flutter.,Mobile
Rainbow Wallet,Senior Mobile Engineer (Flutter / Cross-Platform),Mike Demarais,Co-founder & Lead Architect,mike@rainbow.me,https://rainbow.me,Remote Worldwide,True,$160k - $220k + Equity,Series A ($18M raised),Building design-led delightful self-custody consumer wallet with physics-based gesture navigation and flash swaps.,Mobile
Phantom,Lead Mobile Platform Engineer,Francesco Agosti,Co-founder & CTO,francesco@phantom.app,https://phantom.app,Remote Worldwide,True,$170k - $240k + Generous Equity,"Series B (a16z, $118M)","Architecting 100% reliable multi-chain transaction signing, hardware key bridges, and dApp browser on mobile devices.",Mobile
Brave Software,Senior Flutter / Mobile Tools Engineer,Brian Bondy,Co-founder & CTO,bbondy@brave.com,https://brave.com,Remote Worldwide,True,$150k - $205k + Equity,Private / 60M+ Active Users,Building privacy-preserving crypto wallet and BAT rewards dashboard mobile companion in Flutter with local on-device proofs.,Mobile
DuckDuckGo,Mobile Systems & Privacy Engineer,Caine Tighe,VP of Engineering,caine@duckduckgo.com,https://duckduckgo.com,Remote Worldwide,True,$150k - $210k + Stock,Profitable Private ($100M+ ARR),Building App Tracking Protection local VPN tunnels and privacy dashboard modules for cross-platform mobile environments.,Mobile
Tailscale,Founding Mobile UX & Client Engineer,David Crawshaw,Co-founder & CTO,crawshaw@tailscale.com,https://tailscale.com,Remote Worldwide,True,$160k - $220k + Equity,"Series B (Accel, $115M raised)",Building cross-platform zero-config WireGuard mesh network client on mobile with seamless OS VPN integration and MagicDNS in Flutter.,DevOps & Infra
1Password,Lead Mobile Security Architect (Flutter),Pedro Canahuati,Chief Technology Officer,pedro@1password.com,https://1password.com,Remote Worldwide,True,$160k - $220k + Stock,Series C ($920M raised),"Scaling cross-platform credential manager with biometric auto-fill, passkey authentication, and local zero-knowledge cryptography.",Mobile
Bitwarden,Staff Mobile Engineer (Flutter),Kyle Spearrin,Founder & CTO,kyle@bitwarden.com,https://bitwarden.com,Remote Worldwide,True,$140k - $190k,"Series B ($100M raised, Open Source)","Engineering open-source cross-platform password manager client with biometric unlocking, credential synchronization, and passkey storage in Flutter.",Mobile
Proton,Lead Mobile Engineer (Flutter & Encryption),Bart Butler,Chief Technology Officer,bart@proton.me,https://proton.me,Remote Worldwide (EU/Global),True,$130k - $185k,Independent & Profitable (100M+ Users),Building Proton Pass and Proton Drive mobile clients with end-to-end zero-access encryption and local database caching in Flutter.,Mobile
Mullvad VPN,Senior / Lead Mobile Engineer (Flutter),Fredrik Stromberg,Co-founder & Tech Lead,fredrik@mullvad.net,https://mullvad.net,Remote Worldwide,True,$120k - $170k,Independent & Highly Profitable,Building open-source Mullvad VPN cross-platform mobile client with WireGuard multi-hop routing and local account generation in Flutter.,Mobile
Kagi,Founding Mobile Engineer (Flutter),Vladimir Prelovac,Founder & Lead Architect,vladimir@kagi.com,https://kagi.com,Remote Worldwide,True,$140k - $190k + Equity,Profitable & Fast Growing (Ad-free Search),"Building Orion mobile browser companion and Kagi Search fast-lookup client with AI lenses, ad blocking, and custom search filters in Flutter.",Mobile
Bear App (Shiny Frog),Founding Mobile Engineer,Danilo Bonardi,Co-founder & Lead Mobile Dev,danilo@shinyfrog.net,https://bear.app,Remote Worldwide,True,$120k - $170k,Apple Design Award Winner,"Engineering typography-rich markdown notes companion with nested tags, iCloud sync, and offline encryption.",Mobile
Cron / Notion Calendar,Mobile Calendar Architect,Raphael Schaad,Head of Calendar Engineering,raphael@cron.com,https://notion.so/calendar,Remote Worldwide,True,$170k - $240k + Equity,Acquired by Notion,"Building next-generation calendar with timezone overlapping, quick-booking sharing links, and smooth grid gestures on mobile.",Mobile
Linear Mobile Team,Founding Mobile Architect,Tuomas Artman,Co-founder & CTO,artman@linear.app,https://linear.app,Remote Worldwide,True,$180k - $250k + Equity,Series B (Sequoia),Architecting high-frequency offline syncing SQLite database and realtime conflict-free synchronization on mobile in Flutter.,Mobile
Slite,Lead Mobile Engineer (Flutter),Pierre Burgy,Head of Engineering,pierre@slite.com,https://slite.com,Remote Worldwide,True,$120k - $170k + Equity,"Series A (Index Ventures, $15M)",Building AI-powered team knowledge base mobile client with instant semantic search and offline doc reading in Flutter.,Mobile
Tango,Founding Mobile Engineer (Flutter),Brian Shultz,Co-founder & CTO,brian@tango.us,https://tango.us,Remote Worldwide,True,$130k - $180k + Equity,Series A ($18M raised),Building mobile step-by-step workflow documentation companion with automated screenshot annotation and video capture in Flutter.,Mobile
Descript Mobile,Lead Mobile Media Engineer (Flutter),Neha Sharma,VP of Engineering,neha@descript.com,https://descript.com,Remote Worldwide,True,$170k - $230k + Equity,"Series C (OpenAI Fund, $100M)",Building mobile video review and audio transcription recorder companion with cloud project synchronization in Flutter.,Mobile
Loom Mobile,Staff Mobile Engineer (Flutter & Screen Recorder),Vinay Hiremath,Co-founder & CTO,vinay@loom.com,https://loom.com,Remote Worldwide,True,$160k - $220k + Equity,Acquired by Atlassian ($975M),Scaling mobile screen recorder and camera picture-in-picture bubble with instant cloud upload and transcript comments in Flutter.,Mobile
Otter.ai,Lead Flutter Voice Engineer,Yun Fu,Co-founder & VP Engineering,yun@otter.ai,https://otter.ai,Remote Worldwide,True,$150k - $210k + Equity,Series B ($63M raised),Engineering live AI meeting notes mobile client with real-time speech-to-text word highlighting and speaker diarization in Flutter.,Mobile
Runway Mobile,Founding Mobile Engineer (GenAI Video in Flutter),Alejandro Matamala,Co-founder & Head of Product/Eng,alejandro@runwayml.com,https://runwayml.com,Remote Worldwide,True,$170k - $250k + Generous Equity,Series C ($237M raised),Building generative video generation and Gen-3 camera motion control companion app for creators in Flutter.,Mobile
Pika,Founding Mobile Engineer (Flutter),Chenlin Meng,Co-founder & CTO,chenlin@pika.art,https://pika.art,Remote Worldwide,True,$160k - $230k + Equity,Series A ($135M raised),"Building consumer mobile generative animation canvas with instant frame preview, effect presets, and cloud GPU rendering in Flutter.",Mobile
HeyGen,Lead Mobile App Architect (Flutter),Wayne Liang,Co-founder & Chief Product/Tech Officer,wayne@heygen.com,https://heygen.com,Remote Worldwide,True,$160k - $220k + Equity,"Series A (Benchmark, $60M)",Architecting avatar video creation mobile app with selfie voice-cloning recording and real-time streaming preview in Flutter.,Mobile
ElevenLabs,Founding Mobile Audio Architect (Flutter),Piotr Dabkowski,Co-founder & CTO,piotr@elevenlabs.io,https://elevenlabs.io,Remote Worldwide,True,$180k - $260k + Generous Equity,"Series B (a16z, $1.1B val)","Building ElevenLabs Reader mobile application with streaming neural speech playback, offline audiobook caching, and voice selection in Flutter.",Mobile
